nativeSpeaker,age,shoeSize,score
yes,	5,	24.83189,	32.29385
yes,	6,	25.95238,	36.63105
no,	11,	30.42170,	49.60593
yes,	7,	28.66450,	40.28456
yes,	11,	31.88207,	55.46085
yes,	10,	30.07843,	52.83124
no,	7,	27.25963,	34.40229
yes,	11,	30.72398,	55.52747
yes,	5,	25.64411,	32.49935
no,	7,	26.69835,	33.93269
yes,	11,	31.86645,	55.46876
yes,	10,	29.15575,	51.34140
no,	9,	29.13156,	41.77098
no,	6,	26.86513,	30.03304
no,	5,	24.23420,	25.62268